BEGIN TRANSACTION;
INSERT INTO links VALUES(4,2,10,5,5,1,1);
INSERT INTO links VALUES(7,5,9,2,3,0,2);
INSERT INTO links VALUES(7,4,7,4,2,3,3);
INSERT INTO links VALUES(2,1,3,5,3,0,4);
INSERT INTO links VALUES(6,5,7,2,7,5,5);
INSERT INTO links VALUES(4,1,7,4,10,0,6);
INSERT INTO links VALUES(9,5,10,5,9,7,7);
INSERT INTO links VALUES(1,3,6,5,1,0,8);
INSERT INTO links VALUES(6,5,8,3,2,9,9);
INSERT INTO links VALUES(4,1,9,3,9,0,10);
INSERT INTO links VALUES(8,3,4,3,2,11,11);
INSERT INTO links VALUES(4,1,8,2,7,0,12);
INSERT INTO links VALUES(7,3,10,4,9,13,13);
INSERT INTO links VALUES(1,3,8,3,7,0,14);
INSERT INTO links VALUES(4,3,8,2,9,15,15);
INSERT INTO links VALUES(6,1,5,5,4,0,16);
INSERT INTO links VALUES(10,5,6,3,3,17,17);
INSERT INTO links VALUES(9,4,7,1,2,0,18);
INSERT INTO links VALUES(3,3,9,3,3,19,19);
INSERT INTO links VALUES(4,3,6,3,5,0,20);
INSERT INTO links VALUES(5,4,7,2,1,21,21);
INSERT INTO links VALUES(6,5,5,5,4,0,22);
INSERT INTO links VALUES(2,1,7,1,1,23,23);
INSERT INTO links VALUES(9,1,6,2,9,0,24);
INSERT INTO links VALUES(7,5,7,4,3,25,25);
INSERT INTO links VALUES(4,4,7,4,1,0,26);
INSERT INTO links VALUES(10,3,7,5,4,27,27);
INSERT INTO links VALUES(4,3,10,5,10,0,28);
INSERT INTO links VALUES(1,4,3,1,8,29,29);
INSERT INTO links VALUES(3,5,9,1,8,0,30);
INSERT INTO links VALUES(9,4,3,5,2,31,31);
INSERT INTO links VALUES(5,4,1,1,8,0,32);
INSERT INTO links VALUES(2,5,4,2,9,33,33);
INSERT INTO links VALUES(5,5,7,3,2,0,34);
INSERT INTO links VALUES(5,3,5,4,6,35,35);
INSERT INTO links VALUES(8,2,9,5,9,0,36);
INSERT INTO links VALUES(9,5,5,1,9,37,37);
INSERT INTO links VALUES(2,3,6,2,10,0,38);
INSERT INTO links VALUES(5,2,6,3,3,39,39);
INSERT INTO links VALUES(3,5,5,5,6,0,40);
INSERT INTO links VALUES(4,2,2,3,9,41,41);
INSERT INTO links VALUES(10,1,8,1,4,0,42);
INSERT INTO links VALUES(1,3,6,4,10,43,43);
INSERT INTO links VALUES(5,4,4,3,8,0,44);
INSERT INTO links VALUES(10,4,6,2,6,45,45);
INSERT INTO links VALUES(8,2,2,5,2,0,46);
INSERT INTO links VALUES(4,3,7,2,2,47,47);
INSERT INTO links VALUES(6,4,7,3,1,0,48);
INSERT INTO links VALUES(7,2,6,2,5,49,49);
INSERT INTO links VALUES(8,3,4,2,6,0,50);
INSERT INTO links VALUES(1,4,7,4,2,51,51);
INSERT INTO links VALUES(4,1,9,5,5,0,52);
INSERT INTO links VALUES(10,1,1,1,10,53,53);
INSERT INTO links VALUES(2,4,10,5,3,0,54);
INSERT INTO links VALUES(8,5,4,1,2,55,55);
INSERT INTO links VALUES(9,1,3,2,10,0,56);
INSERT INTO links VALUES(8,4,8,1,6,57,57);
INSERT INTO links VALUES(1,2,2,4,4,0,58);
INSERT INTO links VALUES(2,3,7,1,7,59,59);
INSERT INTO links VALUES(1,1,7,3,4,0,60);
INSERT INTO links VALUES(7,3,8,5,7,61,61);
INSERT INTO links VALUES(3,3,5,5,10,0,62);
INSERT INTO links VALUES(6,2,4,1,5,63,63);
INSERT INTO links VALUES(6,5,6,4,5,0,64);
INSERT INTO links VALUES(2,4,2,2,3,65,65);
INSERT INTO links VALUES(6,3,4,4,2,0,66);
INSERT INTO links VALUES(7,1,5,1,4,67,67);
INSERT INTO links VALUES(9,5,7,2,1,0,68);
INSERT INTO links VALUES(2,2,6,5,10,69,69);
INSERT INTO links VALUES(3,2,7,3,4,0,70);
INSERT INTO links VALUES(9,4,1,5,5,71,71);
INSERT INTO links VALUES(7,1,4,5,4,0,72);
INSERT INTO links VALUES(2,2,10,5,4,73,73);
INSERT INTO links VALUES(10,5,8,2,5,0,74);
INSERT INTO links VALUES(3,2,1,4,9,75,75);
INSERT INTO links VALUES(4,1,9,3,1,0,76);
INSERT INTO links VALUES(6,3,9,4,10,77,77);
INSERT INTO links VALUES(3,3,7,5,8,0,78);
INSERT INTO links VALUES(10,4,4,5,3,79,79);
INSERT INTO links VALUES(7,1,9,4,1,0,80);
COMMIT;
--BEGIN TRANSACTION;
--insert into author_decade (author, decade) values (1, 1);
--insert into author_decade (author, decade) values (2, 2);
--insert into author_decade (author, decade) values (2, 3);
--insert into author_decade (author, decade) values (2, 4);
--insert into author_decade (author, decade) values (3, 5);
--insert into author_decade (author, decade) values (3, 6);
--insert into author_decade (author, decade) values (3, 7);
--insert into author_decade (author, decade) values (4, 8);
--insert into author_decade (author, decade) values (4, 9);
--insert into author_decade (author, decade) values (4, 10);
--insert into author_decade (author, decade) values (5, 11);
--insert into author_decade (author, decade) values (5, 12);
--insert into author_decade (author, decade) values (6, 13);
--insert into author_decade (author, decade) values (6, 14);
--insert into author_decade (author, decade) values (7, 15);
--insert into author_decade (author, decade) values (8, 16);
--insert into author_decade (author, decade) values (8, 17);
--insert into author_decade (author, decade) values (9, 18);
--insert into author_decade (author, decade) values (9, 19);
--insert into author_decade (author, decade) values (9, 20);
--insert into author_decade (author, decade) values (10, 21);
--COMMIT;
--
--BEGIN TRANSACTION;
--insert into genre_decade (genre, decade) values (1, 2);
--insert into genre_decade (genre, decade) values (1, 4);
--insert into genre_decade (genre, decade) values (1, 5);
--insert into genre_decade (genre, decade) values (10, 3);
--insert into genre_decade (genre, decade) values (10, 8);
--insert into genre_decade (genre, decade) values (11, 3);
--insert into genre_decade (genre, decade) values (11, 6);
--insert into genre_decade (genre, decade) values (11, 7);
--insert into genre_decade (genre, decade) values (2, 7);
--insert into genre_decade (genre, decade) values (3, 2);
--insert into genre_decade (genre, decade) values (3, 6);
--insert into genre_decade (genre, decade) values (4, 1);
--insert into genre_decade (genre, decade) values (4, 4);
--insert into genre_decade (genre, decade) values (6, 8);
--insert into genre_decade (genre, decade) values (7, 1);
--insert into genre_decade (genre, decade) values (7, 3);
--insert into genre_decade (genre, decade) values (7, 4);
--insert into genre_decade (genre, decade) values (7, 5);
--insert into genre_decade (genre, decade) values (7, 7);
--insert into genre_decade (genre, decade) values (8, 8);
--insert into genre_decade (genre, decade) values (9, 1);
--COMMIT;
--
--BEGIN TRANSACTION;
--insert into piece_genre (piece, genre) values (1, 3);
--insert into piece_genre (piece, genre) values (2, 4);
--insert into piece_genre (piece, genre) values (3, 8);
--insert into piece_genre (piece, genre) values (4, 10);
--insert into piece_genre (piece, genre) values (5, 2);
--insert into piece_genre (piece, genre) values (6, 11);
--insert into piece_genre (piece, genre) values (7, 2);
--insert into piece_genre (piece, genre) values (8, 3);
--insert into piece_genre (piece, genre) values (9, 4);
--insert into piece_genre (piece, genre) values (10, 8);
--insert into piece_genre (piece, genre) values (11, 8);
--insert into piece_genre (piece, genre) values (12, 8);
--insert into piece_genre (piece, genre) values (13, 11);
--insert into piece_genre (piece, genre) values (14, 5);
--insert into piece_genre (piece, genre) values (15, 10);
--insert into piece_genre (piece, genre) values (16, 4);
--insert into piece_genre (piece, genre) values (17, 10);
--insert into piece_genre (piece, genre) values (18, 10);
--insert into piece_genre (piece, genre) values (19, 6);
--insert into piece_genre (piece, genre) values (20, 9);
--insert into piece_genre (piece, genre) values (21, 1);
--insert into piece_genre (piece, genre) values (22, 1);
--insert into piece_genre (piece, genre) values (23, 7);
--insert into piece_genre (piece, genre) values (24, 2);
--insert into piece_genre (piece, genre) values (25, 2);
--insert into piece_genre (piece, genre) values (26, 4);
--insert into piece_genre (piece, genre) values (27, 2);
--insert into piece_genre (piece, genre) values (28, 4);
--insert into piece_genre (piece, genre) values (29, 9);
--insert into piece_genre (piece, genre) values (30, 3);
--insert into piece_genre (piece, genre) values (31, 7);
--insert into piece_genre (piece, genre) values (32, 2);
--insert into piece_genre (piece, genre) values (33, 6);
--insert into piece_genre (piece, genre) values (34, 7);
--insert into piece_genre (piece, genre) values (35, 4);
--insert into piece_genre (piece, genre) values (36, 10);
--insert into piece_genre (piece, genre) values (37, 1);
--insert into piece_genre (piece, genre) values (38, 4);
--insert into piece_genre (piece, genre) values (39, 4);
--insert into piece_genre (piece, genre) values (40, 5);
--insert into piece_genre (piece, genre) values (41, 5);
--insert into piece_genre (piece, genre) values (42, 7);
--insert into piece_genre (piece, genre) values (43, 3);
--insert into piece_genre (piece, genre) values (44, 11);
--insert into piece_genre (piece, genre) values (45, 9);
--insert into piece_genre (piece, genre) values (46, 7);
--insert into piece_genre (piece, genre) values (47, 6);
--insert into piece_genre (piece, genre) values (48, 11);
--insert into piece_genre (piece, genre) values (49, 6);
--insert into piece_genre (piece, genre) values (50, 1);
--insert into piece_genre (piece, genre) values (51, 3);
--insert into piece_genre (piece, genre) values (52, 2);
--insert into piece_genre (piece, genre) values (53, 9);
--insert into piece_genre (piece, genre) values (54, 7);
--insert into piece_genre (piece, genre) values (55, 1);
--insert into piece_genre (piece, genre) values (56, 4);
--insert into piece_genre (piece, genre) values (57, 1);
--insert into piece_genre (piece, genre) values (58, 6);
--insert into piece_genre (piece, genre) values (59, 9);
--insert into piece_genre (piece, genre) values (60, 2);
--insert into piece_genre (piece, genre) values (61, 7);
--insert into piece_genre (piece, genre) values (62, 2);
--insert into piece_genre (piece, genre) values (63, 7);
--insert into piece_genre (piece, genre) values (64, 8);
--insert into piece_genre (piece, genre) values (65, 1);
--insert into piece_genre (piece, genre) values (66, 8);
--insert into piece_genre (piece, genre) values (67, 1);
--insert into piece_genre (piece, genre) values (68, 4);
--insert into piece_genre (piece, genre) values (69, 5);
--insert into piece_genre (piece, genre) values (70, 10);
--insert into piece_genre (piece, genre) values (71, 9);
--insert into piece_genre (piece, genre) values (72, 8);
--insert into piece_genre (piece, genre) values (73, 4);
--insert into piece_genre (piece, genre) values (74, 1);
--insert into piece_genre (piece, genre) values (75, 11);
--insert into piece_genre (piece, genre) values (76, 5);
--insert into piece_genre (piece, genre) values (77, 10);
--insert into piece_genre (piece, genre) values (78, 11);
--insert into piece_genre (piece, genre) values (79, 2);
--insert into piece_genre (piece, genre) values (80, 5);
--COMMIT;
--
--BEGIN TRANSACTION;
--insert into piece_edition (piece, edition) values (1, 1);
--insert into piece_edition (piece, edition) values (3, 3);
--insert into piece_edition (piece, edition) values (5, 5);
--insert into piece_edition (piece, edition) values (7, 7);
--insert into piece_edition (piece, edition) values (9, 9);
--insert into piece_edition (piece, edition) values (11, 11);
--insert into piece_edition (piece, edition) values (13, 13);
--insert into piece_edition (piece, edition) values (15, 15);
--insert into piece_edition (piece, edition) values (17, 17);
--insert into piece_edition (piece, edition) values (19, 19);
--insert into piece_edition (piece, edition) values (21, 21);
--insert into piece_edition (piece, edition) values (23, 23);
--insert into piece_edition (piece, edition) values (25, 25);
--insert into piece_edition (piece, edition) values (27, 27);
--insert into piece_edition (piece, edition) values (29, 29);
--insert into piece_edition (piece, edition) values (31, 31);
--insert into piece_edition (piece, edition) values (33, 33);
--insert into piece_edition (piece, edition) values (35, 35);
--insert into piece_edition (piece, edition) values (37, 37);
--insert into piece_edition (piece, edition) values (39, 39);
--insert into piece_edition (piece, edition) values (41, 41);
--insert into piece_edition (piece, edition) values (43, 43);
--insert into piece_edition (piece, edition) values (45, 45);
--insert into piece_edition (piece, edition) values (47, 47);
--insert into piece_edition (piece, edition) values (49, 49);
--insert into piece_edition (piece, edition) values (51, 51);
--insert into piece_edition (piece, edition) values (53, 53);
--insert into piece_edition (piece, edition) values (55, 55);
--insert into piece_edition (piece, edition) values (57, 57);
--insert into piece_edition (piece, edition) values (59, 59);
--insert into piece_edition (piece, edition) values (61, 61);
--insert into piece_edition (piece, edition) values (63, 63);
--insert into piece_edition (piece, edition) values (65, 65);
--insert into piece_edition (piece, edition) values (67, 67);
--insert into piece_edition (piece, edition) values (69, 69);
--insert into piece_edition (piece, edition) values (71, 71);
--insert into piece_edition (piece, edition) values (73, 73);
--insert into piece_edition (piece, edition) values (75, 75);
--insert into piece_edition (piece, edition) values (77, 77);
--insert into piece_edition (piece, edition) values (79, 79);
--COMMIT;
--
--BEGIN TRANSACTION;
--insert into editor_collection (editor, collection) values (8, 1);
--insert into editor_collection (editor, collection) values (1, 4);
--insert into editor_collection (editor, collection) values (6, 2);
--insert into editor_collection (editor, collection) values (3, 5);
--insert into editor_collection (editor, collection) values (4, 3);
--COMMIT;
--
--BEGIN TRANSACTION;
--insert into collection_edition (collection, edition) values (71, 1);
--insert into collection_edition (collection, edition) values (53, 1);
--insert into collection_edition (collection, edition) values (23, 4);
--insert into collection_edition (collection, edition) values (59, 5);
--insert into collection_edition (collection, edition) values (55, 5);
--insert into collection_edition (collection, edition) values (37, 5);
--insert into collection_edition (collection, edition) values (61, 4);
--insert into collection_edition (collection, edition) values (19, 4);
--insert into collection_edition (collection, edition) values (69, 5);
--insert into collection_edition (collection, edition) values (27, 2);
--insert into collection_edition (collection, edition) values (33, 5);
--insert into collection_edition (collection, edition) values (39, 5);
--insert into collection_edition (collection, edition) values (5, 1);
--insert into collection_edition (collection, edition) values (3, 4);
--insert into collection_edition (collection, edition) values (73, 2);
--insert into collection_edition (collection, edition) values (77, 5);
--insert into collection_edition (collection, edition) values (49, 4);
--insert into collection_edition (collection, edition) values (47, 1);
--insert into collection_edition (collection, edition) values (11, 1);
--insert into collection_edition (collection, edition) values (65, 1);
--insert into collection_edition (collection, edition) values (7, 2);
--insert into collection_edition (collection, edition) values (51, 4);
--insert into collection_edition (collection, edition) values (15, 6);
--insert into collection_edition (collection, edition) values (29, 2);
--insert into collection_edition (collection, edition) values (45, 2);
--insert into collection_edition (collection, edition) values (31, 5);
--insert into collection_edition (collection, edition) values (63, 5);
--insert into collection_edition (collection, edition) values (13, 3);
--insert into collection_edition (collection, edition) values (57, 1);
--insert into collection_edition (collection, edition) values (17, 1);
--insert into collection_edition (collection, edition) values (25, 2);
--insert into collection_edition (collection, edition) values (43, 3);
--insert into collection_edition (collection, edition) values (75, 6);
--insert into collection_edition (collection, edition) values (41, 1);
--insert into collection_edition (collection, edition) values (21, 4);
--insert into collection_edition (collection, edition) values (35, 1);
--insert into collection_edition (collection, edition) values (9, 1);
--insert into collection_edition (collection, edition) values (67, 5);
--COMMIT;
