BEGIN TRANSACTION;
insert into author_decade (author, decade) values (1, 6);
insert into author_decade (author, decade) values (10, 5);
insert into author_decade (author, decade) values (2, 1);
insert into author_decade (author, decade) values (2, 4);
insert into author_decade (author, decade) values (2, 5);
insert into author_decade (author, decade) values (2, 7);
insert into author_decade (author, decade) values (3, 3);
insert into author_decade (author, decade) values (3, 5);
insert into author_decade (author, decade) values (5, 1);
insert into author_decade (author, decade) values (5, 2);
insert into author_decade (author, decade) values (5, 8);
insert into author_decade (author, decade) values (6, 2);
insert into author_decade (author, decade) values (6, 4);
insert into author_decade (author, decade) values (7, 3);
insert into author_decade (author, decade) values (7, 4);
insert into author_decade (author, decade) values (7, 6);
insert into author_decade (author, decade) values (8, 2);
insert into author_decade (author, decade) values (8, 6);
insert into author_decade (author, decade) values (8, 7);
insert into author_decade (author, decade) values (9, 3);
insert into author_decade (author, decade) values (9, 8);
COMMIT;

BEGIN TRANSACTION;
insert into genre_decade (genre, decade) values (1, 2);
insert into genre_decade (genre, decade) values (1, 4);
insert into genre_decade (genre, decade) values (1, 5);
insert into genre_decade (genre, decade) values (10, 3);
insert into genre_decade (genre, decade) values (10, 8);
insert into genre_decade (genre, decade) values (11, 3);
insert into genre_decade (genre, decade) values (11, 6);
insert into genre_decade (genre, decade) values (11, 7);
insert into genre_decade (genre, decade) values (2, 7);
insert into genre_decade (genre, decade) values (3, 2);
insert into genre_decade (genre, decade) values (3, 6);
insert into genre_decade (genre, decade) values (4, 1);
insert into genre_decade (genre, decade) values (4, 4);
insert into genre_decade (genre, decade) values (6, 8);
insert into genre_decade (genre, decade) values (7, 1);
insert into genre_decade (genre, decade) values (7, 3);
insert into genre_decade (genre, decade) values (7, 4);
insert into genre_decade (genre, decade) values (7, 5);
insert into genre_decade (genre, decade) values (7, 7);
insert into genre_decade (genre, decade) values (8, 8);
insert into genre_decade (genre, decade) values (9, 1);
COMMIT;

BEGIN TRANSACTION;
insert into piece_genre (piece, genre) values (1, 3);
insert into piece_genre (piece, genre) values (2, 4);
insert into piece_genre (piece, genre) values (3, 8);
insert into piece_genre (piece, genre) values (4, 10);
insert into piece_genre (piece, genre) values (5, 2);
insert into piece_genre (piece, genre) values (6, 11);
insert into piece_genre (piece, genre) values (7, 2);
insert into piece_genre (piece, genre) values (8, 3);
insert into piece_genre (piece, genre) values (9, 4);
insert into piece_genre (piece, genre) values (10, 8);
insert into piece_genre (piece, genre) values (11, 8);
insert into piece_genre (piece, genre) values (12, 8);
insert into piece_genre (piece, genre) values (13, 11);
insert into piece_genre (piece, genre) values (14, 5);
insert into piece_genre (piece, genre) values (15, 10);
insert into piece_genre (piece, genre) values (16, 4);
insert into piece_genre (piece, genre) values (17, 10);
insert into piece_genre (piece, genre) values (18, 10);
insert into piece_genre (piece, genre) values (19, 6);
insert into piece_genre (piece, genre) values (20, 9);
insert into piece_genre (piece, genre) values (21, 1);
insert into piece_genre (piece, genre) values (22, 1);
insert into piece_genre (piece, genre) values (23, 7);
insert into piece_genre (piece, genre) values (24, 2);
insert into piece_genre (piece, genre) values (25, 2);
insert into piece_genre (piece, genre) values (26, 4);
insert into piece_genre (piece, genre) values (27, 2);
insert into piece_genre (piece, genre) values (28, 4);
insert into piece_genre (piece, genre) values (29, 9);
insert into piece_genre (piece, genre) values (30, 3);
insert into piece_genre (piece, genre) values (31, 7);
insert into piece_genre (piece, genre) values (32, 2);
insert into piece_genre (piece, genre) values (33, 6);
insert into piece_genre (piece, genre) values (34, 7);
insert into piece_genre (piece, genre) values (35, 4);
insert into piece_genre (piece, genre) values (36, 10);
insert into piece_genre (piece, genre) values (37, 1);
insert into piece_genre (piece, genre) values (38, 4);
insert into piece_genre (piece, genre) values (39, 4);
insert into piece_genre (piece, genre) values (40, 5);
insert into piece_genre (piece, genre) values (41, 5);
insert into piece_genre (piece, genre) values (42, 7);
insert into piece_genre (piece, genre) values (43, 3);
insert into piece_genre (piece, genre) values (44, 11);
insert into piece_genre (piece, genre) values (45, 9);
insert into piece_genre (piece, genre) values (46, 7);
insert into piece_genre (piece, genre) values (47, 6);
insert into piece_genre (piece, genre) values (48, 11);
insert into piece_genre (piece, genre) values (49, 6);
insert into piece_genre (piece, genre) values (50, 1);
insert into piece_genre (piece, genre) values (51, 3);
insert into piece_genre (piece, genre) values (52, 2);
insert into piece_genre (piece, genre) values (53, 9);
insert into piece_genre (piece, genre) values (54, 7);
insert into piece_genre (piece, genre) values (55, 1);
insert into piece_genre (piece, genre) values (56, 4);
insert into piece_genre (piece, genre) values (57, 1);
insert into piece_genre (piece, genre) values (58, 6);
insert into piece_genre (piece, genre) values (59, 9);
insert into piece_genre (piece, genre) values (60, 2);
insert into piece_genre (piece, genre) values (61, 7);
insert into piece_genre (piece, genre) values (62, 2);
insert into piece_genre (piece, genre) values (63, 7);
insert into piece_genre (piece, genre) values (64, 8);
insert into piece_genre (piece, genre) values (65, 1);
insert into piece_genre (piece, genre) values (66, 8);
insert into piece_genre (piece, genre) values (67, 1);
insert into piece_genre (piece, genre) values (68, 4);
insert into piece_genre (piece, genre) values (69, 5);
insert into piece_genre (piece, genre) values (70, 10);
insert into piece_genre (piece, genre) values (71, 9);
insert into piece_genre (piece, genre) values (72, 8);
insert into piece_genre (piece, genre) values (73, 4);
insert into piece_genre (piece, genre) values (74, 1);
insert into piece_genre (piece, genre) values (75, 11);
insert into piece_genre (piece, genre) values (76, 5);
insert into piece_genre (piece, genre) values (77, 10);
insert into piece_genre (piece, genre) values (78, 11);
insert into piece_genre (piece, genre) values (79, 2);
insert into piece_genre (piece, genre) values (80, 5);
COMMIT;

BEGIN TRANSACTION;
insert into piece_edition (piece, edition) values (1, 1);
insert into piece_edition (piece, edition) values (3, 3);
insert into piece_edition (piece, edition) values (5, 5);
insert into piece_edition (piece, edition) values (7, 7);
insert into piece_edition (piece, edition) values (9, 9);
insert into piece_edition (piece, edition) values (11, 11);
insert into piece_edition (piece, edition) values (13, 13);
insert into piece_edition (piece, edition) values (15, 15);
insert into piece_edition (piece, edition) values (17, 17);
insert into piece_edition (piece, edition) values (19, 19);
insert into piece_edition (piece, edition) values (21, 21);
insert into piece_edition (piece, edition) values (23, 23);
insert into piece_edition (piece, edition) values (25, 25);
insert into piece_edition (piece, edition) values (27, 27);
insert into piece_edition (piece, edition) values (29, 29);
insert into piece_edition (piece, edition) values (31, 31);
insert into piece_edition (piece, edition) values (33, 33);
insert into piece_edition (piece, edition) values (35, 35);
insert into piece_edition (piece, edition) values (37, 37);
insert into piece_edition (piece, edition) values (39, 39);
insert into piece_edition (piece, edition) values (41, 41);
insert into piece_edition (piece, edition) values (43, 43);
insert into piece_edition (piece, edition) values (45, 45);
insert into piece_edition (piece, edition) values (47, 47);
insert into piece_edition (piece, edition) values (49, 49);
insert into piece_edition (piece, edition) values (51, 51);
insert into piece_edition (piece, edition) values (53, 53);
insert into piece_edition (piece, edition) values (55, 55);
insert into piece_edition (piece, edition) values (57, 57);
insert into piece_edition (piece, edition) values (59, 59);
insert into piece_edition (piece, edition) values (61, 61);
insert into piece_edition (piece, edition) values (63, 63);
insert into piece_edition (piece, edition) values (65, 65);
insert into piece_edition (piece, edition) values (67, 67);
insert into piece_edition (piece, edition) values (69, 69);
insert into piece_edition (piece, edition) values (71, 71);
insert into piece_edition (piece, edition) values (73, 73);
insert into piece_edition (piece, edition) values (75, 75);
insert into piece_edition (piece, edition) values (77, 77);
insert into piece_edition (piece, edition) values (79, 79);
COMMIT;

BEGIN TRANSACTION;
insert into editor_collection (editor, collection) values (8, 1);
insert into editor_collection (editor, collection) values (1, 4);
insert into editor_collection (editor, collection) values (6, 2);
insert into editor_collection (editor, collection) values (3, 5);
insert into editor_collection (editor, collection) values (4, 3);
COMMIT;

BEGIN TRANSACTION;
insert into collection_edition (collection, edition) values (71, 1);
insert into collection_edition (collection, edition) values (53, 1);
insert into collection_edition (collection, edition) values (23, 4);
insert into collection_edition (collection, edition) values (59, 5);
insert into collection_edition (collection, edition) values (55, 5);
insert into collection_edition (collection, edition) values (37, 5);
insert into collection_edition (collection, edition) values (61, 4);
insert into collection_edition (collection, edition) values (19, 4);
insert into collection_edition (collection, edition) values (69, 5);
insert into collection_edition (collection, edition) values (27, 2);
insert into collection_edition (collection, edition) values (33, 5);
insert into collection_edition (collection, edition) values (39, 5);
insert into collection_edition (collection, edition) values (5, 1);
insert into collection_edition (collection, edition) values (3, 4);
insert into collection_edition (collection, edition) values (73, 2);
insert into collection_edition (collection, edition) values (77, 5);
insert into collection_edition (collection, edition) values (49, 4);
insert into collection_edition (collection, edition) values (47, 1);
insert into collection_edition (collection, edition) values (11, 1);
insert into collection_edition (collection, edition) values (65, 1);
insert into collection_edition (collection, edition) values (7, 2);
insert into collection_edition (collection, edition) values (51, 4);
insert into collection_edition (collection, edition) values (15, 6);
insert into collection_edition (collection, edition) values (29, 2);
insert into collection_edition (collection, edition) values (45, 2);
insert into collection_edition (collection, edition) values (31, 5);
insert into collection_edition (collection, edition) values (63, 5);
insert into collection_edition (collection, edition) values (13, 3);
insert into collection_edition (collection, edition) values (57, 1);
insert into collection_edition (collection, edition) values (17, 1);
insert into collection_edition (collection, edition) values (25, 2);
insert into collection_edition (collection, edition) values (43, 3);
insert into collection_edition (collection, edition) values (75, 6);
insert into collection_edition (collection, edition) values (41, 1);
insert into collection_edition (collection, edition) values (21, 4);
insert into collection_edition (collection, edition) values (35, 1);
insert into collection_edition (collection, edition) values (9, 1);
insert into collection_edition (collection, edition) values (67, 5);
COMMIT;
